,corners,boxArea,areaRatio
corners,1.0,0.292639580476,-0.176854103298
boxArea,0.292639580476,1.0,-0.0400776535397
areaRatio,-0.176854103298,-0.0400776535397,1.0
